iso_time_utc	mono_s	mode	event	step_idx	goal_x_cm	goal_y_cm	rover_x_cm	rover_y_cm	goal_dist_cm	status
2026-04-06T21:23:12Z	1746854.081	dumbdrive_drive	loop_tick	0	-3700.000	-2820.020	300.000	1179.980	5656.854	
2026-04-06T21:23:12Z	1746854.103	dumbdrive_drive	draw	0	-3700.000	-2820.020	300.000	1179.980	5656.854	Running | Goals: 0
2026-04-06T21:23:12Z	1746854.305	dumbdrive_drive	loop_tick	1	-3700.000	-2820.020	300.000	1179.980	5656.854	
2026-04-06T21:23:12Z	1746854.324	dumbdrive_drive	draw	1	-3700.000	-2820.020	300.000	1179.980	5656.854	Running | Goals: 0
2026-04-06T21:23:13Z	1746854.529	dumbdrive_drive	loop_tick	2	-3700.000	-2820.020	300.000	1179.980	5656.854	
2026-04-06T21:23:13Z	1746854.549	dumbdrive_drive	draw	2	-3700.000	-2820.020	300.000	1179.980	5656.854	Running | Goals: 0
2026-04-06T21:23:13Z	1746854.751	dumbdrive_drive	loop_tick	3	-3700.000	-2820.020	300.000	1179.980	5656.854	
2026-04-06T21:23:13Z	1746854.768	dumbdrive_drive	draw	3	-3700.000	-2820.020	300.000	1179.980	5656.854	Running | Goals: 0
2026-04-06T21:23:13Z	1746854.971	dumbdrive_drive	loop_tick	4	-3700.000	-2820.020	300.000	1179.980	5656.854	
2026-04-06T21:23:13Z	1746854.996	dumbdrive_drive	draw	4	-3700.000	-2820.020	300.000	1179.980	5656.854	Running | Goals: 0
2026-04-06T21:23:13Z	1746855.200	dumbdrive_drive	loop_tick	5	-3700.000	-2820.020	300.000	1179.980	5656.854	
2026-04-06T21:23:13Z	1746855.220	dumbdrive_drive	draw	5	-3700.000	-2820.020	300.000	1179.980	5656.854	Running | Goals: 0
2026-04-06T21:23:14Z	1746855.423	dumbdrive_drive	loop_tick	6	-3700.000	-2820.020	300.000	1179.980	5656.854	
2026-04-06T21:23:14Z	1746855.457	dumbdrive_drive	draw	6	-3700.000	-2820.020	300.000	1179.980	5656.854	Running | Goals: 0
2026-04-06T21:23:14Z	1746855.660	dumbdrive_drive	loop_tick	7	-3700.000	-2820.020	300.000	1179.980	5656.854	
2026-04-06T21:23:14Z	1746855.681	dumbdrive_drive	draw	7	-3700.000	-2820.020	300.000	1179.980	5656.854	Running | Goals: 0
2026-04-06T21:23:14Z	1746855.885	dumbdrive_drive	loop_tick	8	-3700.000	-2820.020	300.000	1179.980	5656.854	
2026-04-06T21:23:14Z	1746855.921	dumbdrive_drive	draw	8	-3700.000	-2820.020	300.000	1179.980	5656.854	Running | Goals: 0
2026-04-06T21:23:14Z	1746856.139	dumbdrive_drive	loop_tick	9	-3700.000	-2820.020	300.000	1179.980	5656.854	
2026-04-06T21:23:14Z	1746856.157	dumbdrive_drive	draw	9	-3700.000	-2820.020	300.000	1179.980	5656.854	Running | Goals: 0
2026-04-06T21:23:14Z	1746856.360	dumbdrive_drive	loop_tick	10	-3700.000	-2820.020	300.000	1179.980	5656.854	
2026-04-06T21:23:14Z	1746856.397	dumbdrive_drive	draw	10	-3700.000	-2820.020	300.000	1179.980	5656.854	Running | Goals: 0
2026-04-06T21:23:15Z	1746856.601	dumbdrive_drive	loop_tick	11	-3700.000	-2820.020	300.000	1179.980	5656.854	
2026-04-06T21:23:15Z	1746856.617	dumbdrive_drive	draw	11	-3700.000	-2820.020	300.000	1179.980	5656.854	Running | Goals: 0
2026-04-06T21:23:15Z	1746856.820	dumbdrive_drive	loop_tick	12	-3700.000	-2820.020	300.000	1179.980	5656.854	
2026-04-06T21:23:15Z	1746856.844	dumbdrive_drive	draw	12	-3700.000	-2820.020	300.000	1179.980	5656.854	Running | Goals: 0
2026-04-06T21:23:15Z	1746857.047	dumbdrive_drive	loop_tick	13	-3700.000	-2820.020	300.000	1179.980	5656.854	
2026-04-06T21:23:15Z	1746857.095	dumbdrive_drive	draw	13	-3700.000	-2820.020	300.000	1179.980	5656.854	Running | Goals: 0
2026-04-06T21:23:15Z	1746857.297	dumbdrive_drive	loop_tick	14	-3700.000	-2820.020	300.000	1179.980	5656.854	
2026-04-06T21:23:15Z	1746857.339	dumbdrive_drive	draw	14	-3700.000	-2820.020	300.000	1179.980	5656.854	Running | Goals: 0
2026-04-06T21:23:16Z	1746857.549	dumbdrive_drive	loop_tick	15	-3700.000	-2820.020	300.000	1179.980	5656.854	
2026-04-06T21:23:16Z	1746857.610	dumbdrive_drive	draw	15	-3700.000	-2820.020	300.000	1179.980	5656.854	Running | Goals: 0
2026-04-06T21:23:16Z	1746857.815	dumbdrive_drive	loop_tick	16	-3700.000	-2820.020	300.000	1179.980	5656.854	
2026-04-06T21:23:16Z	1746857.856	dumbdrive_drive	draw	16	-3700.000	-2820.020	300.000	1179.980	5656.854	Running | Goals: 0
2026-04-06T21:23:16Z	1746858.059	dumbdrive_drive	loop_tick	17	-3700.000	-2820.020	300.000	1179.980	5656.854	
2026-04-06T21:23:16Z	1746858.078	dumbdrive_drive	draw	17	-3700.000	-2820.020	300.000	1179.980	5656.854	Running | Goals: 0
2026-04-06T21:23:16Z	1746858.280	dumbdrive_drive	loop_tick	18	-3700.000	-2820.020	300.000	1179.980	5656.854	
2026-04-06T21:23:16Z	1746858.301	dumbdrive_drive	draw	18	-3700.000	-2820.020	300.000	1179.980	5656.854	Running | Goals: 0
2026-04-06T21:23:17Z	1746858.504	dumbdrive_drive	loop_tick	19	-3700.000	-2820.020	300.000	1179.980	5656.854	
2026-04-06T21:23:17Z	1746858.532	dumbdrive_drive	draw	19	-3700.000	-2820.020	300.000	1179.980	5656.854	Running | Goals: 0
2026-04-06T21:23:17Z	1746858.735	dumbdrive_drive	loop_tick	20	-3700.000	-2820.020	300.000	1179.980	5656.854	
2026-04-06T21:23:17Z	1746858.771	dumbdrive_drive	draw	20	-3700.000	-2820.020	300.000	1179.980	5656.854	Running | Goals: 0
2026-04-06T21:23:17Z	1746858.998	dumbdrive_drive	loop_tick	21	-3700.000	-2820.020	300.000	1170.020	5649.815	
2026-04-06T21:23:17Z	1746859.023	dumbdrive_drive	draw	21	-3700.000	-2820.020	300.000	1170.020	5649.815	Running | Goals: 0
2026-04-06T21:23:17Z	1746859.227	dumbdrive_drive	loop_tick	22	-3700.000	-2820.020	300.000	1170.020	5649.815	
2026-04-06T21:23:17Z	1746859.249	dumbdrive_drive	draw	22	-3700.000	-2820.020	300.000	1170.020	5649.815	Running | Goals: 0
2026-04-06T21:23:18Z	1746859.452	dumbdrive_drive	loop_tick	23	-3700.000	-2820.020	300.000	1170.020	5649.815	
2026-04-06T21:23:18Z	1746859.476	dumbdrive_drive	draw	23	-3700.000	-2820.020	300.000	1170.020	5649.815	Running | Goals: 0
2026-04-06T21:23:18Z	1746859.679	dumbdrive_drive	loop_tick	24	-3700.000	-2820.020	300.000	1170.020	5649.815	
2026-04-06T21:23:18Z	1746859.710	dumbdrive_drive	draw	24	-3700.000	-2820.020	300.000	1170.020	5649.815	Running | Goals: 0
2026-04-06T21:23:18Z	1746859.913	dumbdrive_drive	loop_tick	25	-3700.000	-2820.020	300.000	1170.020	5649.815	
2026-04-06T21:23:18Z	1746859.951	dumbdrive_drive	draw	25	-3700.000	-2820.020	300.000	1170.020	5649.815	Running | Goals: 0
2026-04-06T21:23:18Z	1746860.197	dumbdrive_drive	loop_tick	26	-3700.000	-2820.020	300.000	1160.058	5642.785	
2026-04-06T21:23:18Z	1746860.217	dumbdrive_drive	draw	26	-3700.000	-2820.020	300.000	1160.058	5642.785	Running | Goals: 0
2026-04-06T21:23:18Z	1746860.420	dumbdrive_drive	loop_tick	27	-3700.000	-2820.020	300.000	1160.058	5642.785	
2026-04-06T21:23:19Z	1746860.440	dumbdrive_drive	draw	27	-3700.000	-2820.020	300.000	1160.058	5642.785	Running | Goals: 0
2026-04-06T21:23:19Z	1746860.643	dumbdrive_drive	loop_tick	28	-3700.000	-2820.020	300.000	1160.058	5642.785	
2026-04-06T21:23:19Z	1746860.665	dumbdrive_drive	draw	28	-3700.000	-2820.020	300.000	1160.058	5642.785	Running | Goals: 0
2026-04-06T21:23:19Z	1746860.869	dumbdrive_drive	loop_tick	29	-3700.000	-2820.020	300.000	1160.058	5642.785	
2026-04-06T21:23:19Z	1746860.891	dumbdrive_drive	draw	29	-3700.000	-2820.020	300.000	1160.058	5642.785	Running | Goals: 0
2026-04-06T21:23:19Z	1746861.094	dumbdrive_drive	loop_tick	30	-3700.000	-2820.020	289.990	1160.058	5635.694	
2026-04-06T21:23:19Z	1746861.114	dumbdrive_drive	draw	30	-3700.000	-2820.020	289.990	1160.058	5635.694	Running | Goals: 0
2026-04-06T21:23:19Z	1746861.317	dumbdrive_drive	loop_tick	31	-3700.000	-2820.020	289.990	1160.058	5635.694	
2026-04-06T21:23:19Z	1746861.340	dumbdrive_drive	draw	31	-3700.000	-2820.020	289.990	1160.058	5635.694	Running | Goals: 0
2026-04-06T21:23:20Z	1746861.542	dumbdrive_drive	loop_tick	32	-3700.000	-2820.020	289.990	1160.058	5635.694	
2026-04-06T21:23:20Z	1746861.588	dumbdrive_drive	draw	32	-3700.000	-2820.020	289.990	1160.058	5635.694	Running | Goals: 0
2026-04-06T21:23:20Z	1746861.790	dumbdrive_drive	loop_tick	33	-3700.000	-2820.020	289.990	1160.058	5635.694	
2026-04-06T21:23:20Z	1746861.815	dumbdrive_drive	draw	33	-3700.000	-2820.020	289.990	1160.058	5635.694	Running | Goals: 0
2026-04-06T21:23:20Z	1746862.024	dumbdrive_drive	loop_tick	34	-3700.000	-2820.020	289.990	1150.000	5628.595	
2026-04-06T21:23:20Z	1746862.050	dumbdrive_drive	draw	34	-3700.000	-2820.020	289.990	1150.000	5628.595	Running | Goals: 0
2026-04-06T21:23:20Z	1746862.263	dumbdrive_drive	loop_tick	35	-3700.000	-2820.020	289.990	1150.000	5628.595	
2026-04-06T21:23:20Z	1746862.325	dumbdrive_drive	draw	35	-3700.000	-2820.020	289.990	1150.000	5628.595	Running | Goals: 0
2026-04-06T21:23:21Z	1746862.602	dumbdrive_drive	loop_tick	36	-3700.000	-2820.020	289.990	1150.000	5628.595	
2026-04-06T21:23:21Z	1746862.766	dumbdrive_drive	draw	36	-3700.000	-2820.020	289.990	1150.000	5628.595	Running | Goals: 0
2026-04-06T21:23:21Z	1746863.110	dumbdrive_drive	loop_tick	37	-3700.000	-2820.020	289.990	1150.000	5628.595	
2026-04-06T21:23:21Z	1746863.180	dumbdrive_drive	draw	37	-3700.000	-2820.020	289.990	1150.000	5628.595	Running | Goals: 0
2026-04-06T21:23:21Z	1746863.416	dumbdrive_drive	loop_tick	38	-3700.000	-2820.020	289.990	1129.980	5614.492	
2026-04-06T21:23:22Z	1746863.562	dumbdrive_drive	draw	38	-3700.000	-2820.020	289.990	1129.980	5614.492	Running | Goals: 0
2026-04-06T21:23:22Z	1746863.771	dumbdrive_drive	loop_tick	39	-3700.000	-2820.020	289.990	1129.980	5614.492	
2026-04-06T21:23:22Z	1746863.839	dumbdrive_drive	draw	39	-3700.000	-2820.020	289.990	1129.980	5614.492	Running | Goals: 0
2026-04-06T21:23:22Z	1746864.089	dumbdrive_drive	loop_tick	40	-3700.000	-2820.020	279.980	1120.020	5600.371	
2026-04-06T21:23:23Z	1746864.742	dumbdrive_drive	draw	40	-3700.000	-2820.020	279.980	1120.020	5600.371	Running | Goals: 0
2026-04-06T21:23:23Z	1746864.965	dumbdrive_drive	loop_tick	41	-3700.000	-2820.020	279.980	1120.020	5600.371	
2026-04-06T21:23:23Z	1746865.200	dumbdrive_drive	draw	41	-3700.000	-2820.020	279.980	1120.020	5600.371	Running | Goals: 0
2026-04-06T21:23:23Z	1746865.402	dumbdrive_drive	loop_tick	42	-3700.000	-2820.020	269.971	1100.000	5579.177	
2026-04-06T21:23:23Z	1746865.421	dumbdrive_drive	draw	42	-3700.000	-2820.020	269.971	1100.000	5579.177	Running | Goals: 0
2026-04-06T21:23:24Z	1746865.649	dumbdrive_drive	loop_tick	43	-3700.000	-2820.020	269.971	1100.000	5579.177	
2026-04-06T21:23:24Z	1746865.707	dumbdrive_drive	draw	43	-3700.000	-2820.020	269.971	1100.000	5579.177	Running | Goals: 0
2026-04-06T21:23:24Z	1746865.910	dumbdrive_drive	loop_tick	44	-3700.000	-2820.020	269.971	1100.000	5579.177	
2026-04-06T21:23:24Z	1746865.962	dumbdrive_drive	draw	44	-3700.000	-2820.020	269.971	1100.000	5579.177	Running | Goals: 0
2026-04-06T21:23:24Z	1746866.166	dumbdrive_drive	loop_tick	45	-3700.000	-2820.020	260.010	1090.039	5565.091	
2026-04-06T21:23:24Z	1746866.189	dumbdrive_drive	draw	45	-3700.000	-2820.020	260.010	1090.039	5565.091	Running | Goals: 0
2026-04-06T21:23:24Z	1746866.393	dumbdrive_drive	loop_tick	46	-3700.000	-2820.020	260.010	1090.039	5565.091	
2026-04-06T21:23:24Z	1746866.415	dumbdrive_drive	draw	46	-3700.000	-2820.020	260.010	1090.039	5565.091	Running | Goals: 0
2026-04-06T21:23:25Z	1746866.619	dumbdrive_drive	loop_tick	47	-3700.000	-2820.020	260.010	1090.039	5565.091	
2026-04-06T21:23:25Z	1746866.643	dumbdrive_drive	draw	47	-3700.000	-2820.020	260.010	1090.039	5565.091	Running | Goals: 0
2026-04-06T21:23:25Z	1746866.846	dumbdrive_drive	loop_tick	48	-3700.000	-2820.020	260.010	1090.039	5565.091	
2026-04-06T21:23:25Z	1746866.866	dumbdrive_drive	draw	48	-3700.000	-2820.020	260.010	1090.039	5565.091	Running | Goals: 0
2026-04-06T21:23:25Z	1746867.074	dumbdrive_drive	loop_tick	49	-3700.000	-2820.020	250.000	1070.020	5543.907	
2026-04-06T21:23:25Z	1746867.103	dumbdrive_drive	draw	49	-3700.000	-2820.020	250.000	1070.020	5543.907	Running | Goals: 0
2026-04-06T21:23:25Z	1746867.306	dumbdrive_drive	loop_tick	50	-3700.000	-2820.020	250.000	1070.020	5543.907	
2026-04-06T21:23:25Z	1746867.349	dumbdrive_drive	draw	50	-3700.000	-2820.020	250.000	1070.020	5543.907	Running | Goals: 0
2026-04-06T21:23:26Z	1746867.553	dumbdrive_drive	loop_tick	51	-3700.000	-2820.020	250.000	1070.020	5543.907	
2026-04-06T21:23:26Z	1746867.589	dumbdrive_drive	draw	51	-3700.000	-2820.020	250.000	1070.020	5543.907	Running | Goals: 0
2026-04-06T21:23:26Z	1746867.791	dumbdrive_drive	loop_tick	52	-3700.000	-2820.020	250.000	1070.020	5543.907	
2026-04-06T21:23:26Z	1746867.827	dumbdrive_drive	draw	52	-3700.000	-2820.020	250.000	1070.020	5543.907	Running | Goals: 0
2026-04-06T21:23:26Z	1746868.031	dumbdrive_drive	loop_tick	53	-3700.000	-2820.020	239.990	1050.000	5522.732	
2026-04-06T21:23:26Z	1746868.090	dumbdrive_drive	draw	53	-3700.000	-2820.020	239.990	1050.000	5522.732	Running | Goals: 0
2026-04-06T21:23:26Z	1746868.297	dumbdrive_drive	loop_tick	54	-3700.000	-2820.020	239.990	1050.000	5522.732	
2026-04-06T21:23:26Z	1746868.328	dumbdrive_drive	draw	54	-3700.000	-2820.020	239.990	1050.000	5522.732	Running | Goals: 0
2026-04-06T21:23:27Z	1746868.530	dumbdrive_drive	loop_tick	55	-3700.000	-2820.020	239.990	1050.000	5522.732	
2026-04-06T21:23:27Z	1746868.558	dumbdrive_drive	draw	55	-3700.000	-2820.020	239.990	1050.000	5522.732	Running | Goals: 0
2026-04-06T21:23:27Z	1746868.760	dumbdrive_drive	loop_tick	56	-3700.000	-2820.020	239.990	1050.000	5522.732	
2026-04-06T21:23:27Z	1746868.782	dumbdrive_drive	draw	56	-3700.000	-2820.020	239.990	1050.000	5522.732	Running | Goals: 0
2026-04-06T21:23:27Z	1746868.985	dumbdrive_drive	loop_tick	57	-3700.000	-2820.020	239.990	1050.000	5522.732	
2026-04-06T21:23:27Z	1746869.008	dumbdrive_drive	draw	57	-3700.000	-2820.020	239.990	1050.000	5522.732	Running | Goals: 0
2026-04-06T21:23:27Z	1746869.212	dumbdrive_drive	loop_tick	58	-3700.000	-2820.020	229.980	1020.020	5494.602	
2026-04-06T21:23:27Z	1746869.253	dumbdrive_drive	draw	58	-3700.000	-2820.020	229.980	1020.020	5494.602	Running | Goals: 0
2026-04-06T21:23:28Z	1746869.455	dumbdrive_drive	loop_tick	59	-3700.000	-2820.020	229.980	1020.020	5494.602	
2026-04-06T21:23:28Z	1746869.519	dumbdrive_drive	draw	59	-3700.000	-2820.020	229.980	1020.020	5494.602	Running | Goals: 0
2026-04-06T21:23:28Z	1746869.733	dumbdrive_drive	loop_tick	60	-3700.000	-2820.020	229.980	1020.020	5494.602	
2026-04-06T21:23:28Z	1746870.108	dumbdrive_drive	draw	60	-3700.000	-2820.020	229.980	1020.020	5494.602	Running | Goals: 0
2026-04-06T21:23:29Z	1746870.852	dumbdrive_drive	loop_tick	61	-3700.000	-2820.020	210.010	1000.000	5466.327	
2026-04-06T21:23:29Z	1746871.305	dumbdrive_drive	draw	61	-3700.000	-2820.020	210.010	1000.000	5466.327	Running | Goals: 0
2026-04-06T21:23:30Z	1746871.618	dumbdrive_drive	loop_tick	62	-3700.000	-2820.020	189.990	960.058	5424.114	
2026-04-06T21:23:30Z	1746871.942	dumbdrive_drive	draw	62	-3700.000	-2820.020	189.990	960.058	5424.114	Running | Goals: 0
2026-04-06T21:23:31Z	1746872.450	dumbdrive_drive	loop_tick	63	-3700.000	-2820.020	160.010	920.020	5374.716	
2026-04-06T21:23:31Z	1746872.759	dumbdrive_drive	draw	63	-3700.000	-2820.020	160.010	920.020	5374.716	Running | Goals: 0
2026-04-06T21:23:31Z	1746872.975	dumbdrive_drive	loop_tick	64	-3700.000	-2820.020	129.980	879.980	5325.293	
2026-04-06T21:23:31Z	1746873.027	dumbdrive_drive	draw	64	-3700.000	-2820.020	129.980	879.980	5325.293	Running | Goals: 0
2026-04-06T21:23:31Z	1746873.230	dumbdrive_drive	loop_tick	65	-3700.000	-2820.020	129.980	879.980	5325.293	
2026-04-06T21:23:31Z	1746873.265	dumbdrive_drive	draw	65	-3700.000	-2820.020	129.980	879.980	5325.293	Running | Goals: 0
2026-04-06T21:23:32Z	1746873.468	dumbdrive_drive	loop_tick	66	-3700.000	-2820.020	129.980	879.980	5325.293	
2026-04-06T21:23:32Z	1746873.497	dumbdrive_drive	draw	66	-3700.000	-2820.020	129.980	879.980	5325.293	Running | Goals: 0
2026-04-06T21:23:32Z	1746873.701	dumbdrive_drive	loop_tick	67	-3700.000	-2820.020	129.980	879.980	5325.293	
2026-04-06T21:23:32Z	1746873.740	dumbdrive_drive	draw	67	-3700.000	-2820.020	129.980	879.980	5325.293	Running | Goals: 0
2026-04-06T21:23:32Z	1746873.943	dumbdrive_drive	loop_tick	68	-3700.000	-2820.020	129.980	879.980	5325.293	
2026-04-06T21:23:32Z	1746873.973	dumbdrive_drive	draw	68	-3700.000	-2820.020	129.980	879.980	5325.293	Running | Goals: 0
2026-04-06T21:23:32Z	1746874.176	dumbdrive_drive	loop_tick	69	-3700.000	-2820.020	89.990	829.980	5261.799	
2026-04-06T21:23:32Z	1746874.219	dumbdrive_drive	draw	69	-3700.000	-2820.020	89.990	829.980	5261.799	Running | Goals: 0
2026-04-06T21:23:32Z	1746874.421	dumbdrive_drive	loop_tick	70	-3700.000	-2820.020	89.990	829.980	5261.799	
2026-04-06T21:23:33Z	1746874.452	dumbdrive_drive	draw	70	-3700.000	-2820.020	89.990	829.980	5261.799	Running | Goals: 0
2026-04-06T21:23:33Z	1746874.655	dumbdrive_drive	loop_tick	71	-3700.000	-2820.020	89.990	829.980	5261.799	
2026-04-06T21:23:33Z	1746874.687	dumbdrive_drive	draw	71	-3700.000	-2820.020	89.990	829.980	5261.799	Running | Goals: 0
2026-04-06T21:23:33Z	1746874.890	dumbdrive_drive	loop_tick	72	-3700.000	-2820.020	89.990	829.980	5261.799	
2026-04-06T21:23:33Z	1746874.926	dumbdrive_drive	draw	72	-3700.000	-2820.020	89.990	829.980	5261.799	Running | Goals: 0
2026-04-06T21:23:33Z	1746875.128	dumbdrive_drive	loop_tick	73	-3700.000	-2820.020	50.000	770.020	5191.424	
2026-04-06T21:23:33Z	1746875.169	dumbdrive_drive	draw	73	-3700.000	-2820.020	50.000	770.020	5191.424	Running | Goals: 0
2026-04-06T21:23:33Z	1746875.372	dumbdrive_drive	loop_tick	74	-3700.000	-2820.020	50.000	770.020	5191.424	
2026-04-06T21:23:33Z	1746875.410	dumbdrive_drive	draw	74	-3700.000	-2820.020	50.000	770.020	5191.424	Running | Goals: 0
2026-04-06T21:23:34Z	1746875.615	dumbdrive_drive	loop_tick	75	-3700.000	-2820.020	50.000	770.020	5191.424	
2026-04-06T21:23:34Z	1746875.663	dumbdrive_drive	draw	75	-3700.000	-2820.020	50.000	770.020	5191.424	Running | Goals: 0
2026-04-06T21:23:34Z	1746875.866	dumbdrive_drive	loop_tick	76	-3700.000	-2820.020	50.000	770.020	5191.424	
2026-04-06T21:23:34Z	1746875.931	dumbdrive_drive	draw	76	-3700.000	-2820.020	50.000	770.020	5191.424	Running | Goals: 0
2026-04-06T21:23:34Z	1746876.256	dumbdrive_drive	loop_tick	77	-3700.000	-2820.020	0.000	700.000	5106.911	
2026-04-06T21:23:35Z	1746876.795	dumbdrive_drive	draw	77	-3700.000	-2820.020	0.000	700.000	5106.911	Running | Goals: 0
2026-04-06T21:23:35Z	1746877.013	dumbdrive_drive	loop_tick	78	-3700.000	-2820.020	0.000	700.000	5106.911	
2026-04-06T21:23:35Z	1746877.156	dumbdrive_drive	draw	78	-3700.000	-2820.020	0.000	700.000	5106.911	Running | Goals: 0
2026-04-06T21:23:35Z	1746877.360	dumbdrive_drive	loop_tick	79	-3700.000	-2820.020	29.980	660.058	5101.343	
2026-04-06T21:23:35Z	1746877.415	dumbdrive_drive	draw	79	-3700.000	-2820.020	29.980	660.058	5101.343	Running | Goals: 0
2026-04-06T21:23:36Z	1746877.617	dumbdrive_drive	loop_tick	80	-3700.000	-2820.020	29.980	660.058	5101.343	
2026-04-06T21:23:36Z	1746877.661	dumbdrive_drive	draw	80	-3700.000	-2820.020	29.980	660.058	5101.343	Running | Goals: 0
2026-04-06T21:23:36Z	1746877.893	dumbdrive_drive	loop_tick	81	-3700.000	-2820.020	29.980	660.058	5101.343	
2026-04-06T21:23:36Z	1746877.998	dumbdrive_drive	draw	81	-3700.000	-2820.020	29.980	660.058	5101.343	Running | Goals: 0
2026-04-06T21:23:36Z	1746878.203	dumbdrive_drive	loop_tick	82	-3700.000	-2820.020	60.010	650.000	5116.513	
2026-04-06T21:23:36Z	1746878.250	dumbdrive_drive	draw	82	-3700.000	-2820.020	60.010	650.000	5116.513	Running | Goals: 0
2026-04-06T21:23:37Z	1746878.454	dumbdrive_drive	loop_tick	83	-3700.000	-2820.020	60.010	650.000	5116.513	
2026-04-06T21:23:37Z	1746878.509	dumbdrive_drive	draw	83	-3700.000	-2820.020	60.010	650.000	5116.513	Running | Goals: 0
2026-04-06T21:23:37Z	1746878.712	dumbdrive_drive	loop_tick	84	-3700.000	-2820.020	60.010	650.000	5116.513	
2026-04-06T21:23:37Z	1746878.762	dumbdrive_drive	draw	84	-3700.000	-2820.020	60.010	650.000	5116.513	Running | Goals: 0
2026-04-06T21:23:37Z	1746878.968	dumbdrive_drive	loop_tick	85	-3700.000	-2820.020	60.010	650.000	5116.513	
2026-04-06T21:23:37Z	1746879.045	dumbdrive_drive	draw	85	-3700.000	-2820.020	60.010	650.000	5116.513	Running | Goals: 0
2026-04-06T21:23:37Z	1746879.250	dumbdrive_drive	loop_tick	86	-3700.000	-2820.020	79.980	650.000	5131.207	
2026-04-06T21:23:37Z	1746879.307	dumbdrive_drive	draw	86	-3700.000	-2820.020	79.980	650.000	5131.207	Running | Goals: 0
2026-04-06T21:23:38Z	1746879.509	dumbdrive_drive	loop_tick	87	-3700.000	-2820.020	79.980	650.000	5131.207	
2026-04-06T21:23:38Z	1746879.559	dumbdrive_drive	draw	87	-3700.000	-2820.020	79.980	650.000	5131.207	Running | Goals: 0
2026-04-06T21:23:38Z	1746879.761	dumbdrive_drive	loop_tick	88	-3700.000	-2820.020	79.980	650.000	5131.207	
2026-04-06T21:23:38Z	1746879.812	dumbdrive_drive	draw	88	-3700.000	-2820.020	79.980	650.000	5131.207	Running | Goals: 0
2026-04-06T21:23:38Z	1746880.015	dumbdrive_drive	loop_tick	89	-3700.000	-2820.020	100.000	650.000	5145.973	
2026-04-06T21:23:38Z	1746880.117	dumbdrive_drive	draw	89	-3700.000	-2820.020	100.000	650.000	5145.973	Running | Goals: 0
2026-04-06T21:23:38Z	1746880.320	dumbdrive_drive	loop_tick	90	-3700.000	-2820.020	100.000	650.000	5145.973	
2026-04-06T21:23:38Z	1746880.377	dumbdrive_drive	draw	90	-3700.000	-2820.020	100.000	650.000	5145.973	Running | Goals: 0
2026-04-06T21:23:39Z	1746880.580	dumbdrive_drive	loop_tick	91	-3700.000	-2820.020	100.000	650.000	5145.973	
2026-04-06T21:23:39Z	1746880.672	dumbdrive_drive	draw	91	-3700.000	-2820.020	100.000	650.000	5145.973	Running | Goals: 0
2026-04-06T21:23:39Z	1746880.874	dumbdrive_drive	loop_tick	92	-3700.000	-2820.020	100.000	650.000	5145.973	
2026-04-06T21:23:39Z	1746880.933	dumbdrive_drive	draw	92	-3700.000	-2820.020	100.000	650.000	5145.973	Running | Goals: 0
2026-04-06T21:23:39Z	1746881.135	dumbdrive_drive	loop_tick	93	-3700.000	-2820.020	110.010	660.058	5160.147	
2026-04-06T21:23:39Z	1746881.191	dumbdrive_drive	draw	93	-3700.000	-2820.020	110.010	660.058	5160.147	Running | Goals: 0
2026-04-06T21:23:39Z	1746881.394	dumbdrive_drive	loop_tick	94	-3700.000	-2820.020	110.010	660.058	5160.147	
2026-04-06T21:23:40Z	1746881.457	dumbdrive_drive	draw	94	-3700.000	-2820.020	110.010	660.058	5160.147	Running | Goals: 0
2026-04-06T21:23:40Z	1746881.663	dumbdrive_drive	loop_tick	95	-3700.000	-2820.020	110.010	660.058	5160.147	
2026-04-06T21:23:40Z	1746881.723	dumbdrive_drive	draw	95	-3700.000	-2820.020	110.010	660.058	5160.147	Running | Goals: 0
2026-04-06T21:23:40Z	1746881.926	dumbdrive_drive	loop_tick	96	-3700.000	-2820.020	110.010	660.058	5160.147	
2026-04-06T21:23:40Z	1746881.983	dumbdrive_drive	draw	96	-3700.000	-2820.020	110.010	660.058	5160.147	Running | Goals: 0
2026-04-06T21:23:40Z	1746882.186	dumbdrive_drive	loop_tick	97	-3700.000	-2820.020	110.010	660.058	5160.147	
2026-04-06T21:23:40Z	1746882.268	dumbdrive_drive	draw	97	-3700.000	-2820.020	110.010	660.058	5160.147	Running | Goals: 0
2026-04-06T21:23:41Z	1746882.475	dumbdrive_drive	loop_tick	98	-3700.000	-2820.020	110.010	660.058	5160.147	
2026-04-06T21:23:41Z	1746882.543	dumbdrive_drive	draw	98	-3700.000	-2820.020	110.010	660.058	5160.147	Running | Goals: 0
2026-04-06T21:23:41Z	1746882.746	dumbdrive_drive	loop_tick	99	-3700.000	-2820.020	110.010	660.058	5160.147	
2026-04-06T21:23:41Z	1746882.800	dumbdrive_drive	draw	99	-3700.000	-2820.020	110.010	660.058	5160.147	Running | Goals: 0
2026-04-06T21:23:41Z	1746883.002	dumbdrive_drive	loop_tick	100	-3700.000	-2820.020	110.010	660.058	5160.147	
2026-04-06T21:23:41Z	1746883.065	dumbdrive_drive	draw	100	-3700.000	-2820.020	110.010	660.058	5160.147	Running | Goals: 0
2026-04-06T21:23:41Z	1746883.268	dumbdrive_drive	loop_tick	101	-3700.000	-2820.020	110.010	660.058	5160.147	
2026-04-06T21:23:41Z	1746883.339	dumbdrive_drive	draw	101	-3700.000	-2820.020	110.010	660.058	5160.147	Running | Goals: 0
2026-04-06T21:23:42Z	1746883.543	dumbdrive_drive	loop_tick	102	-3700.000	-2820.020	110.010	660.058	5160.147	
2026-04-06T21:23:42Z	1746883.634	dumbdrive_drive	draw	102	-3700.000	-2820.020	110.010	660.058	5160.147	Running | Goals: 0
2026-04-06T21:23:42Z	1746883.837	dumbdrive_drive	loop_tick	103	-3700.000	-2820.020	110.010	660.058	5160.147	
2026-04-06T21:23:44Z	1746885.668	dumbdrive_drive	draw	103	-3700.000	-2820.020	110.010	660.058	5160.147	Running | Goals: 0
2026-04-06T21:23:44Z	1746886.149	dumbdrive_drive	loop_tick	104	-3700.000	-2820.020	79.980	640.039	5124.476	
2026-04-06T21:23:45Z	1746886.444	dumbdrive_drive	draw	104	-3700.000	-2820.020	79.980	640.039	5124.476	Running | Goals: 0
2026-04-06T21:23:45Z	1746886.821	dumbdrive_drive	loop_tick	105	-3700.000	-2820.020	79.980	640.039	5124.476	
2026-04-06T21:23:45Z	1746886.970	dumbdrive_drive	draw	105	-3700.000	-2820.020	79.980	640.039	5124.476	Running | Goals: 0
2026-04-06T21:23:45Z	1746887.173	dumbdrive_drive	loop_tick	106	-3700.000	-2820.020	60.010	629.980	5102.957	
2026-04-06T21:23:45Z	1746887.225	dumbdrive_drive	draw	106	-3700.000	-2820.020	60.010	629.980	5102.957	Running | Goals: 0
2026-04-06T21:23:46Z	1746887.431	dumbdrive_drive	loop_tick	107	-3700.000	-2820.020	60.010	629.980	5102.957	
2026-04-06T21:23:46Z	1746887.490	dumbdrive_drive	draw	107	-3700.000	-2820.020	60.010	629.980	5102.957	Running | Goals: 0
2026-04-06T21:23:46Z	1746887.692	dumbdrive_drive	loop_tick	108	-3700.000	-2820.020	60.010	629.980	5102.957	
2026-04-06T21:23:46Z	1746887.736	dumbdrive_drive	draw	108	-3700.000	-2820.020	60.010	629.980	5102.957	Running | Goals: 0
2026-04-06T21:23:46Z	1746887.952	dumbdrive_drive	loop_tick	109	-3700.000	-2820.020	60.010	640.039	5109.763	
2026-04-06T21:23:46Z	1746888.020	dumbdrive_drive	draw	109	-3700.000	-2820.020	60.010	640.039	5109.763	Running | Goals: 0
2026-04-06T21:23:46Z	1746888.223	dumbdrive_drive	loop_tick	110	-3700.000	-2820.020	60.010	640.039	5109.763	
2026-04-06T21:23:46Z	1746888.273	dumbdrive_drive	draw	110	-3700.000	-2820.020	60.010	640.039	5109.763	Running | Goals: 0
2026-04-06T21:23:47Z	1746888.475	dumbdrive_drive	loop_tick	111	-3700.000	-2820.020	60.010	640.039	5109.763	
2026-04-06T21:23:47Z	1746888.521	dumbdrive_drive	draw	111	-3700.000	-2820.020	60.010	640.039	5109.763	Running | Goals: 0
2026-04-06T21:23:47Z	1746888.723	dumbdrive_drive	loop_tick	112	-3700.000	-2820.020	60.010	640.039	5109.763	
2026-04-06T21:23:47Z	1746888.770	dumbdrive_drive	draw	112	-3700.000	-2820.020	60.010	640.039	5109.763	Running | Goals: 0
2026-04-06T21:23:47Z	1746888.973	dumbdrive_drive	loop_tick	113	-3700.000	-2820.020	50.000	640.039	5102.402	
2026-04-06T21:23:47Z	1746889.023	dumbdrive_drive	draw	113	-3700.000	-2820.020	50.000	640.039	5102.402	Running | Goals: 0
2026-04-06T21:23:47Z	1746889.225	dumbdrive_drive	loop_tick	114	-3700.000	-2820.020	50.000	640.039	5102.402	
2026-04-06T21:23:47Z	1746889.279	dumbdrive_drive	draw	114	-3700.000	-2820.020	50.000	640.039	5102.402	Running | Goals: 0
2026-04-06T21:23:48Z	1746889.482	dumbdrive_drive	loop_tick	115	-3700.000	-2820.020	50.000	640.039	5102.402	
2026-04-06T21:23:48Z	1746889.558	dumbdrive_drive	draw	115	-3700.000	-2820.020	50.000	640.039	5102.402	Running | Goals: 0
2026-04-06T21:23:48Z	1746889.761	dumbdrive_drive	loop_tick	116	-3700.000	-2820.020	50.000	640.039	5102.402	
2026-04-06T21:23:48Z	1746889.821	dumbdrive_drive	draw	116	-3700.000	-2820.020	50.000	640.039	5102.402	Running | Goals: 0
2026-04-06T21:23:48Z	1746890.024	dumbdrive_drive	loop_tick	117	-3700.000	-2820.020	50.000	640.039	5102.402	
2026-04-06T21:23:48Z	1746890.109	dumbdrive_drive	draw	117	-3700.000	-2820.020	50.000	640.039	5102.402	Running | Goals: 0
2026-04-06T21:23:48Z	1746890.330	dumbdrive_drive	loop_tick	118	-3700.000	-2820.020	50.000	640.039	5102.402	
2026-04-06T21:23:49Z	1746890.502	dumbdrive_drive	draw	118	-3700.000	-2820.020	50.000	640.039	5102.402	Running | Goals: 0
2026-04-06T21:23:49Z	1746890.715	dumbdrive_drive	loop_tick	119	-3700.000	-2820.020	50.000	640.039	5102.402	
2026-04-06T21:23:49Z	1746891.029	dumbdrive_drive	draw	119	-3700.000	-2820.020	50.000	640.039	5102.402	Running | Goals: 0
2026-04-06T21:23:49Z	1746891.278	dumbdrive_drive	loop_tick	120	-3700.000	-2820.020	50.000	640.039	5102.402	
2026-04-06T21:23:51Z	1746892.809	dumbdrive_drive	draw	120	-3700.000	-2820.020	50.000	640.039	5102.402	Running | Goals: 0
2026-04-06T21:23:51Z	1746893.027	dumbdrive_drive	loop_tick	121	-3700.000	-2820.020	50.000	640.039	5102.402	
2026-04-06T21:23:53Z	1746895.160	dumbdrive_drive	draw	121	-3700.000	-2820.020	50.000	640.039	5102.402	Recovering: reverse | Goals: 0
2026-04-06T21:23:53Z	1746895.363	dumbdrive_drive	loop_tick	122	-3700.000	-2820.020	50.000	640.039	5102.402	
2026-04-06T21:23:54Z	1746895.508	dumbdrive_drive	draw	122	-3700.000	-2820.020	50.000	640.039	5102.402	Recovering: reverse | Goals: 0
2026-04-06T21:23:54Z	1746895.710	dumbdrive_drive	loop_tick	123	-3700.000	-2820.020	50.000	640.039	5102.402	
2026-04-06T21:23:54Z	1746895.872	dumbdrive_drive	draw	123	-3700.000	-2820.020	50.000	640.039	5102.402	Recovering: reverse | Goals: 0
2026-04-06T21:23:54Z	1746896.074	dumbdrive_drive	loop_tick	124	-3700.000	-2820.020	50.000	640.039	5102.402	
2026-04-06T21:23:54Z	1746896.250	dumbdrive_drive	draw	124	-3700.000	-2820.020	50.000	640.039	5102.402	Recovering: reverse | Goals: 0
2026-04-06T21:23:55Z	1746896.453	dumbdrive_drive	loop_tick	125	-3700.000	-2820.020	50.000	640.039	5102.402	
2026-04-06T21:23:55Z	1746896.610	dumbdrive_drive	draw	125	-3700.000	-2820.020	50.000	640.039	5102.402	Recovering: reverse | Goals: 0
2026-04-06T21:23:55Z	1746896.813	dumbdrive_drive	loop_tick	126	-3700.000	-2820.020	50.000	640.039	5102.402	
2026-04-06T21:23:55Z	1746896.956	dumbdrive_drive	draw	126	-3700.000	-2820.020	50.000	640.039	5102.402	Recovering: reverse | Goals: 0
2026-04-06T21:23:55Z	1746897.158	dumbdrive_drive	loop_tick	127	-3700.000	-2820.020	69.971	650.000	5123.838	
2026-04-06T21:23:55Z	1746897.368	dumbdrive_drive	draw	127	-3700.000	-2820.020	69.971	650.000	5123.838	Recovering: reverse | Goals: 0
2026-04-06T21:23:56Z	1746897.570	dumbdrive_drive	loop_tick	128	-3700.000	-2820.020	69.971	650.000	5123.838	
2026-04-06T21:23:56Z	1746897.723	dumbdrive_drive	draw	128	-3700.000	-2820.020	69.971	650.000	5123.838	Recovering: reverse | Goals: 0
2026-04-06T21:23:56Z	1746897.944	dumbdrive_drive	loop_tick	129	-3700.000	-2820.020	89.990	670.020	5152.126	
2026-04-06T21:23:56Z	1746898.368	dumbdrive_drive	draw	129	-3700.000	-2820.020	89.990	670.020	5152.126	Recovering: reverse | Goals: 0
2026-04-06T21:23:57Z	1746898.571	dumbdrive_drive	loop_tick	130	-3700.000	-2820.020	89.990	670.020	5152.126	
2026-04-06T21:23:57Z	1746899.228	dumbdrive_drive	draw	130	-3700.000	-2820.020	89.990	670.020	5152.126	Recovering: reverse | Goals: 0
2026-04-06T21:23:58Z	1746899.442	dumbdrive_drive	loop_tick	131	-3700.000	-2820.020	129.980	700.000	5201.854	
2026-04-06T21:23:59Z	1746900.767	dumbdrive_drive	draw	131	-3700.000	-2820.020	129.980	700.000	5201.854	Recovering: reverse | Goals: 0
2026-04-06T21:23:59Z	1746901.007	dumbdrive_drive	loop_tick	132	-3700.000	-2820.020	239.990	750.000	5316.819	
2026-04-06T21:24:00Z	1746902.278	dumbdrive_drive	draw	132	-3700.000	-2820.020	239.990	750.000	5316.819	Recovering: reverse | Goals: 0
2026-04-06T21:24:01Z	1746902.498	dumbdrive_drive	loop_tick	133	-3700.000	-2820.020	310.010	790.039	5395.619	
2026-04-06T21:24:06Z	1746907.698	dumbdrive_drive	draw	133	-3700.000	-2820.020	310.010	790.039	5395.619	Running | Goals: 0
2026-04-06T21:24:06Z	1746907.901	dumbdrive_drive	loop_tick	134	-3700.000	-2820.020	569.971	920.020	5676.314	
2026-04-06T21:24:06Z	1746908.040	dumbdrive_drive	draw	134	-3700.000	-2820.020	569.971	920.020	5676.314	Running | Goals: 0
2026-04-06T21:24:06Z	1746908.242	dumbdrive_drive	loop_tick	135	-3700.000	-2820.020	579.980	920.020	5683.848	
2026-04-06T21:24:08Z	1746910.395	dumbdrive_drive	draw	135	-3700.000	-2820.020	579.980	920.020	5683.848	Running | Goals: 0
2026-04-06T21:24:09Z	1746910.617	dumbdrive_drive	loop_tick	136	-3700.000	-2820.020	569.971	910.058	5669.756	
2026-04-06T21:24:10Z	1746912.260	dumbdrive_drive	draw	136	-3700.000	-2820.020	569.971	910.058	5669.756	Running | Goals: 0
2026-04-06T21:24:11Z	1746912.512	dumbdrive_drive	loop_tick	137	-3700.000	-2820.020	560.010	900.000	5655.637	
2026-04-06T21:24:11Z	1746913.031	dumbdrive_drive	draw	137	-3700.000	-2820.020	560.010	900.000	5655.637	Running | Goals: 0
2026-04-06T21:24:11Z	1746913.235	dumbdrive_drive	loop_tick	138	-3700.000	-2820.020	560.010	890.039	5649.090	
2026-04-06T21:24:13Z	1746914.580	dumbdrive_drive	draw	138	-3700.000	-2820.020	560.010	890.039	5649.090	Running | Goals: 0
2026-04-06T21:24:13Z	1746914.788	dumbdrive_drive	loop_tick	139	-3700.000	-2820.020	550.000	879.980	5634.936	
2026-04-06T21:24:13Z	1746914.959	dumbdrive_drive	draw	139	-3700.000	-2820.020	550.000	879.980	5634.936	Running | Goals: 0
2026-04-06T21:24:13Z	1746915.162	dumbdrive_drive	loop_tick	140	-3700.000	-2820.020	539.990	860.058	5614.311	
2026-04-06T21:24:13Z	1746915.301	dumbdrive_drive	draw	140	-3700.000	-2820.020	539.990	860.058	5614.311	Running | Goals: 0
2026-04-06T21:24:14Z	1746915.504	dumbdrive_drive	loop_tick	141	-3700.000	-2820.020	539.990	860.058	5614.311	
2026-04-06T21:24:14Z	1746915.704	dumbdrive_drive	draw	141	-3700.000	-2820.020	539.990	860.058	5614.311	Running | Goals: 0
2026-04-06T21:24:14Z	1746915.907	dumbdrive_drive	loop_tick	142	-3700.000	-2820.020	539.990	860.058	5614.311	
2026-04-06T21:24:14Z	1746916.060	dumbdrive_drive	draw	142	-3700.000	-2820.020	539.990	860.058	5614.311	Running | Goals: 0
2026-04-06T21:24:14Z	1746916.263	dumbdrive_drive	loop_tick	143	-3700.000	-2820.020	529.980	840.039	5593.636	
2026-04-06T21:24:14Z	1746916.420	dumbdrive_drive	draw	143	-3700.000	-2820.020	529.980	840.039	5593.636	Running | Goals: 0
2026-04-06T21:24:15Z	1746916.656	dumbdrive_drive	loop_tick	144	-3700.000	-2820.020	529.980	840.039	5593.636	
2026-04-06T21:24:15Z	1746917.289	dumbdrive_drive	draw	144	-3700.000	-2820.020	529.980	840.039	5593.636	Running | Goals: 0
2026-04-06T21:24:16Z	1746917.592	dumbdrive_drive	loop_tick	145	-3700.000	-2820.020	510.010	829.980	5571.955	
2026-04-06T21:24:16Z	1746918.373	dumbdrive_drive	draw	145	-3700.000	-2820.020	510.010	829.980	5571.955	Running | Goals: 0
2026-04-06T21:24:17Z	1746918.585	dumbdrive_drive	loop_tick	146	-3700.000	-2820.020	500.000	800.000	5544.776	
2026-04-06T21:24:17Z	1746918.958	dumbdrive_drive	draw	146	-3700.000	-2820.020	500.000	800.000	5544.776	Running | Goals: 0
2026-04-06T21:24:17Z	1746919.192	dumbdrive_drive	loop_tick	147	-3700.000	-2820.020	489.990	770.020	5517.644	
2026-04-06T21:24:17Z	1746919.385	dumbdrive_drive	draw	147	-3700.000	-2820.020	489.990	770.020	5517.644	Running | Goals: 0
2026-04-06T21:24:18Z	1746919.588	dumbdrive_drive	loop_tick	148	-3700.000	-2820.020	489.990	770.020	5517.644	
2026-04-06T21:24:18Z	1746919.745	dumbdrive_drive	draw	148	-3700.000	-2820.020	489.990	770.020	5517.644	Running | Goals: 0
2026-04-06T21:24:18Z	1746919.948	dumbdrive_drive	loop_tick	149	-3700.000	-2820.020	489.990	770.020	5517.644	
2026-04-06T21:24:18Z	1746920.086	dumbdrive_drive	draw	149	-3700.000	-2820.020	489.990	770.020	5517.644	Running | Goals: 0
2026-04-06T21:24:18Z	1746920.289	dumbdrive_drive	loop_tick	150	-3700.000	-2820.020	479.980	740.039	5490.560	
2026-04-06T21:24:19Z	1746920.452	dumbdrive_drive	draw	150	-3700.000	-2820.020	479.980	740.039	5490.560	Running | Goals: 0
2026-04-06T21:24:19Z	1746920.655	dumbdrive_drive	loop_tick	151	-3700.000	-2820.020	479.980	740.039	5490.560	
2026-04-06T21:24:19Z	1746920.827	dumbdrive_drive	draw	151	-3700.000	-2820.020	479.980	740.039	5490.560	Running | Goals: 0
2026-04-06T21:24:19Z	1746921.030	dumbdrive_drive	loop_tick	152	-3700.000	-2820.020	469.971	710.058	5463.525	
